{
  "Naive Bayes": {
    "test": {
      "accuracy": 0.9739910313901345,
      "precision": 0.9918032786885246,
      "recall": 0.8120805369127517,
      "f1_score": 0.8929889298892989,
      "roc_auc": 0.9849653313324163
    },
    "train": {
      "accuracy": 0.9831725375813327,
      "precision": 0.9980952380952381,
      "recall": 0.8762541806020067,
      "f1_score": 0.9332146037399822,
      "roc_auc": 0.9950227111014429
    }
  },
  "Logistic Regression": {
    "test": {
      "accuracy": 0.9730941704035875,
      "precision": 1.0,
      "recall": 0.7986577181208053,
      "f1_score": 0.8880597014925373,
      "roc_auc": 0.9834438006308447
    },
    "train": {
      "accuracy": 0.9784608481041059,
      "precision": 0.9921568627450981,
      "recall": 0.8461538461538461,
      "f1_score": 0.9133574007220217,
      "roc_auc": 0.9982614589011831
    }
  },
  "Support Vector Machine": {
    "test": {
      "accuracy": 0.9856502242152466,
      "precision": 0.9784172661870504,
      "recall": 0.912751677852349,
      "f1_score": 0.9444444444444444,
      "roc_auc": 0.9847221643253159
    },
    "train": {
      "accuracy": 0.9986538030065066,
      "precision": 0.9949832775919732,
      "recall": 0.9949832775919732,
      "f1_score": 0.9949832775919732,
      "roc_auc": 0.9999800665776308
    }
  },
  "Random Forest": {
    "test": {
      "accuracy": 0.97847533632287,
      "precision": 1.0,
      "recall": 0.8389261744966443,
      "f1_score": 0.9124087591240876,
      "roc_auc": 0.9799526171717594
    },
    "train": {
      "accuracy": 1.0,
      "precision": 1.0,
      "recall": 1.0,
      "f1_score": 1.0,
      "roc_auc": 1.0
    }
  },
  "K-Nearest Neighbors": {
    "test": {
      "accuracy": 0.9201793721973094,
      "precision": 0.9838709677419355,
      "recall": 0.40939597315436244,
      "f1_score": 0.5781990521327014,
      "roc_auc": 0.8339481984798588
    },
    "train": {
      "accuracy": 0.9320170518285843,
      "precision": 1.0,
      "recall": 0.49331103678929766,
      "f1_score": 0.6606942889137738,
      "roc_auc": 0.9994873643768942
    }
  }
}